rank,T_k,T_k+1,ratio,gap
1,5,11,2.20000000,6
2,17,29,1.70588235,12
3,3,5,1.66666667,2
4,11,17,1.54545455,6
5,41,59,1.43902439,18
6,71,101,1.42253521,30
7,29,41,1.41379310,12
8,107,137,1.28037383,30
9,659,809,1.22761760,150
10,347,419,1.20749280,72
11,59,71,1.20338983,12
12,149,179,1.20134228,30
13,881,1019,1.15664018,138
14,197,227,1.15228426,30
15,461,521,1.13015184,60
16,239,269,1.12552301,30
17,311,347,1.11575563,36
18,281,311,1.10676157,30
19,521,569,1.09213052,48
20,137,149,1.08759124,12
